Workbook

Sheet Employee Performance
A1: Employee_ID | B1: Name | C1: Department | D1: Role | E1: Manager | F1: Performance_Rating (1-5) | G1: Targets_Assigned | H1: Targets_Achieved | I1: Hours_Worked | J1: Billable_Hours | K1: Training_Hours | L1: Manager_Feedback | M1: Month | N1: Utilization % | O1: Target Achievement % | P1: Training Category | Q1: Performance Category | R1: Productivity Category | S1: Productivity Score
A2: EMP1001 | B2: Employee 001 | C2: Finance | D2: Accountant | E2: Priya Sharma | F2: 4 | G2: 91 | H2: 85 | I2: 221 | J2: 161 | K2: 12 | L2: Strong contributor | M2: 45992 | N2: =IFERROR(J2/I2,0) | O2: =IFERROR(H2/G2,0) | P2: =IF(K2<10,"Low",IF(K2<=20,"Medium","High")) | Q2: =IF(AND(F2>=4,N2>=80%),"Star Performer",IF(F2>=3,"Meets Expectations","Needs Improvement")) | R2: =IF(O2>=90%,"High Productivity",IF(O2>=60%,"Medium Productivity","Low Productivity")) | S2: =ROUND((F2/5)*50+N2*25+O2*25,1)
A3: EMP1002 | B3: Employee 002 | C3: IT | D3: Data Analyst | E3: Karthik Rao | F3: 3 | G3: 55 | H3: 52 | I3: 178 | J3: 157 | K3: 1 | L3: Meets expectations | M3: 45962 | N3: =IFERROR(J3/I3,0) | O3: =IFERROR(H3/G3,0) | P3: =IF(K3<10,"Low",IF(K3<=20,"Medium","High")) | Q3: =IF(AND(F3>=4,N3>=80%),"Star Performer",IF(F3>=3,"Meets Expectations","Needs Improvement")) | R3: =IF(O3>=90%,"High Productivity",IF(O3>=60%,"Medium Productivity","Low Productivity")) | S3: =ROUND((F3/5)*50+N3*25+O3*25,1)
A4: EMP1003 | B4: Employee 003 | C4: Operations | D4: Process Analyst | E4: Arun Kumar | F4: 1 | G4: 105 | H4: 80 | I4: 194 | J4: 148 | K4: 17 | L4: Needs close supervision | M4: 45870 | N4: =IFERROR(J4/I4,0) | O4: =IFERROR(H4/G4,0) | P4: =IF(K4<10,"Low",IF(K4<=20,"Medium","High")) | Q4: =IF(AND(F4>=4,N4>=80%),"Star Performer",IF(F4>=3,"Meets Expectations","Needs Improvement")) | R4: =IF(O4>=90%,"High Productivity",IF(O4>=60%,"Medium Productivity","Low Productivity")) | S4: =ROUND((F4/5)*50+N4*25+O4*25,1)
A5: EMP1004 | B5: Employee 004 | C5: Operations | D5: Operations Manager | E5: Arun Kumar | F5: 4 | G5: 57 | H5: 54 | I5: 224 | J5: 131 | K5: 17 | L5: Strong contributor | M5: 45992 | N5: =IFERROR(J5/I5,0) | O5: =IFERROR(H5/G5,0) | P5: =IF(K5<10,"Low",IF(K5<=20,"Medium","High")) | Q5: =IF(AND(F5>=4,N5>=80%),"Star Performer",IF(F5>=3,"Meets Expectations","Needs Improvement")) | R5: =IF(O5>=90%,"High Productivity",IF(O5>=60%,"Medium Productivity","Low Productivity")) | S5: =ROUND((F5/5)*50+N5*25+O5*25,1)
A6: EMP1005 | B6: Employee 005 | C6: HR | D6: HR Analyst | E6: Meena Joseph | F6: 1 | G6: 71 | H6: 38 | I6: 178 | J6: 87 | K6: 11 | L6: Needs close supervision | M6: 45931 | N6: =IFERROR(J6/I6,0) | O6: =IFERROR(H6/G6,0) | P6: =IF(K6<10,"Low",IF(K6<=20,"Medium","High")) | Q6: =IF(AND(F6>=4,N6>=80%),"Star Performer",IF(F6>=3,"Meets Expectations","Needs Improvement")) | R6: =IF(O6>=90%,"High Productivity",IF(O6>=60%,"Medium Productivity","Low Productivity")) | S6: =ROUND((F6/5)*50+N6*25+O6*25,1)
A7: EMP1006 | B7: Employee 006 | C7: Customer Support | D7: Support Analyst | E7: Meena Joseph | F7: 4 | G7: 83 | H7: 73 | I7: 212 | J7: 127 | K7: 13 | L7: Strong contributor | M7: 45689 | N7: =IFERROR(J7/I7,0) | O7: =IFERROR(H7/G7,0) | P7: =IF(K7<10,"Low",IF(K7<=20,"Medium","High")) | Q7: =IF(AND(F7>=4,N7>=80%),"Star Performer",IF(F7>=3,"Meets Expectations","Needs Improvement")) | R7: =IF(O7>=90%,"High Productivity",IF(O7>=60%,"Medium Productivity","Low Productivity")) | S7: =ROUND((F7/5)*50+N7*25+O7*25,1)
A8: EMP1007 | B8: Employee 007 | C8: Customer Support | D8: Support Executive | E8: Rahul Menon | F8: 5 | G8: 70 | H8: 55 | I8: 159 | J8: 137 | K8: 16 | L8: Exceptional performer | M8: 45839 | N8: =IFERROR(J8/I8,0) | O8: =IFERROR(H8/G8,0) | P8: =IF(K8<10,"Low",IF(K8<=20,"Medium","High")) | Q8: =IF(AND(F8>=4,N8>=80%),"Star Performer",IF(F8>=3,"Meets Expectations","Needs Improvement")) | R8: =IF(O8>=90%,"High Productivity",IF(O8>=60%,"Medium Productivity","Low Productivity")) | S8: =ROUND((F8/5)*50+N8*25+O8*25,1)
A9: EMP1008 | B9: Employee 008 | C9: IT | D9: Data Analyst | E9: Karthik Rao | F9: 3 | G9: 67 | H9: 46 | I9: 217 | J9: 176 | K9: 23 | L9: Meets expectations | M9: 45931 | N9: =IFERROR(J9/I9,0) | O9: =IFERROR(H9/G9,0) | P9: =IF(K9<10,"Low",IF(K9<=20,"Medium","High")) | Q9: =IF(AND(F9>=4,N9>=80%),"Star Performer",IF(F9>=3,"Meets Expectations","Needs Improvement")) | R9: =IF(O9>=90%,"High Productivity",IF(O9>=60%,"Medium Productivity","Low Productivity")) | S9: =ROUND((F9/5)*50+N9*25+O9*25,1)
A10: EMP1009 | B10: Employee 009 | C10: HR | D10: HR Executive | E10: Arun Kumar | F10: 3 | G10: 55 | H10: 40 | I10: 207 | J10: 146 | K10: 9 | L10: Meets expectations | M10: 45931 | N10: =IFERROR(J10/I10,0) | O10: =IFERROR(H10/G10,0) | P10: =IF(K10<10,"Low",IF(K10<=20,"Medium","High")) | Q10: =IF(AND(F10>=4,N10>=80%),"Star Performer",IF(F10>=3,"Meets Expectations","Needs Improvement")) | R10: =IF(O10>=90%,"High Productivity",IF(O10>=60%,"Medium Productivity","Low Productivity")) | S10: =ROUND((F10/5)*50+N10*25+O10*25,1)
A11: EMP1010 | B11: Employee 010 | C11: IT | D11: Data Analyst | E11: Karthik Rao | F11: 2 | G11: 94 | H11: 64 | I11: 184 | J11: 118 | K11: 9 | L11: Needs additional guidance | M11: 45901 | N11: =IFERROR(J11/I11,0) | O11: =IFERROR(H11/G11,0) | P11: =IF(K11<10,"Low",IF(K11<=20,"Medium","High")) | Q11: =IF(AND(F11>=4,N11>=80%),"Star Performer",IF(F11>=3,"Meets Expectations","Needs Improvement")) | R11: =IF(O11>=90%,"High Productivity",IF(O11>=60%,"Medium Productivity","Low Productivity")) | S11: =ROUND((F11/5)*50+N11*25+O11*25,1)
A12: EMP1011 | B12: Employee 011 | C12: IT | D12: QA Analyst | E12: Priya Sharma | F12: 4 | G12: 82 | H12: 72 | I12: 212 | J12: 148 | K12: 15 | L12: Strong contributor | M12: 45778 | N12: =IFERROR(J12/I12,0) | O12: =IFERROR(H12/G12,0) | P12: =IF(K12<10,"Low",IF(K12<=20,"Medium","High")) | Q12: =IF(AND(F12>=4,N12>=80%),"Star Performer",IF(F12>=3,"Meets Expectations","Needs Improvement")) | R12: =IF(O12>=90%,"High Productivity",IF(O12>=60%,"Medium Productivity","Low Productivity")) | S12: =ROUND((F12/5)*50+N12*25+O12*25,1)
A13: EMP1012 | B13: Employee 012 | C13: Finance | D13: Accountant | E13: Divya Iyer | F13: 4 | G13: 95 | H13: 75 | I13: 222 | J13: 133 | K13: 13 | L13: Strong contributor | M13: 45778 | N13: =IFERROR(J13/I13,0) | O13: =IFERROR(H13/G13,0) | P13: =IF(K13<10,"Low",IF(K13<=20,"Medium","High")) | Q13: =IF(AND(F13>=4,N13>=80%),"Star Performer",IF(F13>=3,"Meets Expectations","Needs Improvement")) | R13: =IF(O13>=90%,"High Productivity",IF(O13>=60%,"Medium Productivity","Low Productivity")) | S13: =ROUND((F13/5)*50+N13*25+O13*25,1)
... A221: EMP1220 | B221: Employee 220 | C221: Finance | D221: Accountant | E221: Karthik Rao | F221: 4 | G221: 107 | H221: 73 | I221: 146 | J221: 114 | K221: 34 | L221: Strong contributor | M221: 45931 | N221: =IFERROR(J221/I221,0) | O221: =IFERROR(H221/G221,0) | P221: =IF(K221<10,"Low",IF(K221<=20,"Medium","High")) | Q221: =IF(AND(F221>=4,N221>=80%),"Star Performer",IF(F221>=3,"Meets Expectations","Needs Improvement")) | R221: =IF(O221>=90%,"High Productivity",IF(O221>=60%,"Medium Productivity","Low Productivity")) | S221: =ROUND((F221/5)*50+N221*25+O221*25,1)

Sheet Performance Dashboard
A1: EMPLOYEE PERFORMANCE & PRODUCTIVITY DASHBOARD
A2: Sample dataset: 220 employees | HR Analytics
A4: Total Employees | C4: Avg Performance Rating | E4: High Performer % | G4: Avg Utilization % | I4: Avg Target Achievement %
A5: =COUNTA('Employee Performance'!A2:A221) | C5: =AVERAGE('Employee Performance'!F2:F221) | E5: =COUNTIF('Employee Performance'!Q2:Q221,"Star Performer")/COUNTA('Employee Performance'!A2:A221) | G5: =AVERAGE('Employee Performance'!N2:N221) | I5: =AVERAGE('Employee Performance'!O2:O221)
A7: Avg Training Hours | C7: High Productivity % | E7: Star Performers | G7: Avg Hours Worked | I7: Avg Billable Hours
A8: =AVERAGE('Employee Performance'!K2:K221) | C8: =COUNTIF('Employee Performance'!R2:R221,"High Productivity")/COUNTA('Employee Performance'!A2:A221) | E8: =COUNTIF('Employee Performance'!Q2:Q221,"Star Performer") | G8: =AVERAGE('Employee Performance'!I2:I221) | I8: =AVERAGE('Employee Performance'!J2:J221)
A11: Department | C11: Role | E11: Manager | G11: Training Category
A12: ○ All | C12: ○ All | E12: ○ All | G12: ○ All
A13: ○ IT | C13: ○ Accountant | E13: ○ Arun Kumar | G13: ○ Low
A14: ○ Finance | C14: ○ Brand Executive | E14: ○ Priya Sharma | G14: ○ Medium
A15: ○ HR | C15: ○ Business Development Executive | E15: ○ Rahul Menon | G15: ○ High
A16: ○ Sales | C16: ○ Customer Success Associate | E16: ○ Divya Iyer
A17: ○ Marketing | C17: ○ Data Analyst | E17: ○ Karthik Rao
A18: ○ Operations | C18: ○ Digital Marketing Analyst | E18: ○ Meena Joseph
A19: ○ Customer Support | C19: ○ Finance Executive
A21: Department | B21: Employees | C21: Avg Rating | D21: Avg Utilization % | E21: Avg Target Achievement % | G21: Training Category | H21: Employees
A22: IT | B22: =COUNTIF('Employee Performance'!C$2:C$221,A22) | C22: =AVERAGEIF('Employee Performance'!C$2:C$221,A22,'Employee Performance'!F$2:F$221) | D22: =AVERAGEIF('Employee Performance'!C$2:C$221,A22,'Employee Performance'!N$2:N$221) | E22: =AVERAGEIF('Employee Performance'!C$2:C$221,A22,'Employee Performance'!O$2:O$221) | G22: Low | H22: =COUNTIF('Employee Performance'!P$2:P$221,G22)
A23: Finance | B23: =COUNTIF('Employee Performance'!C$2:C$221,A23) | C23: =AVERAGEIF('Employee Performance'!C$2:C$221,A23,'Employee Performance'!F$2:F$221) | D23: =AVERAGEIF('Employee Performance'!C$2:C$221,A23,'Employee Performance'!N$2:N$221) | E23: =AVERAGEIF('Employee Performance'!C$2:C$221,A23,'Employee Performance'!O$2:O$221) | G23: Medium | H23: =COUNTIF('Employee Performance'!P$2:P$221,G23)
A24: HR | B24: =COUNTIF('Employee Performance'!C$2:C$221,A24) | C24: =AVERAGEIF('Employee Performance'!C$2:C$221,A24,'Employee Performance'!F$2:F$221) | D24: =AVERAGEIF('Employee Performance'!C$2:C$221,A24,'Employee Performance'!N$2:N$221) | E24: =AVERAGEIF('Employee Performance'!C$2:C$221,A24,'Employee Performance'!O$2:O$221) | G24: High | H24: =COUNTIF('Employee Performance'!P$2:P$221,G24)
A25: Sales | B25: =COUNTIF('Employee Performance'!C$2:C$221,A25) | C25: =AVERAGEIF('Employee Performance'!C$2:C$221,A25,'Employee Performance'!F$2:F$221) | D25: =AVERAGEIF('Employee Performance'!C$2:C$221,A25,'Employee Performance'!N$2:N$221) | E25: =AVERAGEIF('Employee Performance'!C$2:C$221,A25,'Employee Performance'!O$2:O$221)
A26: Marketing | B26: =COUNTIF('Employee Performance'!C$2:C$221,A26) | C26: =AVERAGEIF('Employee Performance'!C$2:C$221,A26,'Employee Performance'!F$2:F$221) | D26: =AVERAGEIF('Employee Performance'!C$2:C$221,A26,'Employee Performance'!N$2:N$221) | E26: =AVERAGEIF('Employee Performance'!C$2:C$221,A26,'Employee Performance'!O$2:O$221)
A27: Operations | B27: =COUNTIF('Employee Performance'!C$2:C$221,A27) | C27: =AVERAGEIF('Employee Performance'!C$2:C$221,A27,'Employee Performance'!F$2:F$221) | D27: =AVERAGEIF('Employee Performance'!C$2:C$221,A27,'Employee Performance'!N$2:N$221) | E27: =AVERAGEIF('Employee Performance'!C$2:C$221,A27,'Employee Performance'!O$2:O$221) | G27: Productivity Category | H27: Employees
A28: Customer Support | B28: =COUNTIF('Employee Performance'!C$2:C$221,A28) | C28: =AVERAGEIF('Employee Performance'!C$2:C$221,A28,'Employee Performance'!F$2:F$221) | D28: =AVERAGEIF('Employee Performance'!C$2:C$221,A28,'Employee Performance'!N$2:N$221) | E28: =AVERAGEIF('Employee Performance'!C$2:C$221,A28,'Employee Performance'!O$2:O$221) | G28: High Productivity | H28: =COUNTIF('Employee Performance'!R$2:R$221,G28)
G29: Medium Productivity | H29: =COUNTIF('Employee Performance'!R$2:R$221,G29)
G30: Low Productivity | H30: =COUNTIF('Employee Performance'!R$2:R$221,G30)
G35: Month | H35: Avg Utilization %
G36: 45658 | H36: =AVERAGEIF('Employee Performance'!M$2:M$221,G36,'Employee Performance'!N$2:N$221)
G37: 45689 | H37: =AVERAGEIF('Employee Performance'!M$2:M$221,G37,'Employee Performance'!N$2:N$221)
G38: 45717 | H38: =AVERAGEIF('Employee Performance'!M$2:M$221,G38,'Employee Performance'!N$2:N$221)
G39: 45748 | H39: =AVERAGEIF('Employee Performance'!M$2:M$221,G39,'Employee Performance'!N$2:N$221)
G40: 45778 | H40: =AVERAGEIF('Employee Performance'!M$2:M$221,G40,'Employee Performance'!N$2:N$221)
G41: 45809 | H41: =AVERAGEIF('Employee Performance'!M$2:M$221,G41,'Employee Performance'!N$2:N$221)
G42: 45839 | H42: =AVERAGEIF('Employee Performance'!M$2:M$221,G42,'Employee Performance'!N$2:N$221)
G43: 45870 | H43: =AVERAGEIF('Employee Performance'!M$2:M$221,G43,'Employee Performance'!N$2:N$221)
G44: 45901 | H44: =AVERAGEIF('Employee Performance'!M$2:M$221,G44,'Employee Performance'!N$2:N$221)
G45: 45931 | H45: =AVERAGEIF('Employee Performance'!M$2:M$221,G45,'Employee Performance'!N$2:N$221)
G46: 45962 | H46: =AVERAGEIF('Employee Performance'!M$2:M$221,G46,'Employee Performance'!N$2:N$221)
G47: 45992 | H47: =AVERAGEIF('Employee Performance'!M$2:M$221,G47,'Employee Performance'!N$2:N$221)

Sheet Top 10 Star Performers
A1: Rank | B1: Employee_ID | C1: Name | D1: Department | E1: Role | F1: Performance Rating | G1: Utilization % | H1: Target Achievement % | I1: Training Hours | J1: Productivity Score
A2: 1 | B2: =INDEX('Employee Performance'!$A$2:$A$221,MATCH(J2,'Employee Performance'!$S$2:$S$221,0)) | C2: =INDEX('Employee Performance'!$B$2:$B$221,MATCH(J2,'Employee Performance'!$S$2:$S$221,0)) | D2: =INDEX('Employee Performance'!$C$2:$C$221,MATCH(J2,'Employee Performance'!$S$2:$S$221,0)) | E2: =INDEX('Employee Performance'!$D$2:$D$221,MATCH(J2,'Employee Performance'!$S$2:$S$221,0)) | F2: =INDEX('Employee Performance'!$F$2:$F$221,MATCH(J2,'Employee Performance'!$S$2:$S$221,0)) | G2: =INDEX('Employee Performance'!$N$2:$N$221,MATCH(J2,'Employee Performance'!$S$2:$S$221,0)) | H2: =INDEX('Employee Performance'!$O$2:$O$221,MATCH(J2,'Employee Performance'!$S$2:$S$221,0)) | I2: =INDEX('Employee Performance'!$K$2:$K$221,MATCH(J2,'Employee Performance'!$S$2:$S$221,0)) | J2: =LARGE('Employee Performance'!$S$2:$S$221,A2)
A3: 2 | B3: =INDEX('Employee Performance'!$A$2:$A$221,MATCH(J3,'Employee Performance'!$S$2:$S$221,0)) | C3: =INDEX('Employee Performance'!$B$2:$B$221,MATCH(J3,'Employee Performance'!$S$2:$S$221,0)) | D3: =INDEX('Employee Performance'!$C$2:$C$221,MATCH(J3,'Employee Performance'!$S$2:$S$221,0)) | E3: =INDEX('Employee Performance'!$D$2:$D$221,MATCH(J3,'Employee Performance'!$S$2:$S$221,0)) | F3: =INDEX('Employee Performance'!$F$2:$F$221,MATCH(J3,'Employee Performance'!$S$2:$S$221,0)) | G3: =INDEX('Employee Performance'!$N$2:$N$221,MATCH(J3,'Employee Performance'!$S$2:$S$221,0)) | H3: =INDEX('Employee Performance'!$O$2:$O$221,MATCH(J3,'Employee Performance'!$S$2:$S$221,0)) | I3: =INDEX('Employee Performance'!$K$2:$K$221,MATCH(J3,'Employee Performance'!$S$2:$S$221,0)) | J3: =LARGE('Employee Performance'!$S$2:$S$221,A3)
A4: 3 | B4: =INDEX('Employee Performance'!$A$2:$A$221,MATCH(J4,'Employee Performance'!$S$2:$S$221,0)) | C4: =INDEX('Employee Performance'!$B$2:$B$221,MATCH(J4,'Employee Performance'!$S$2:$S$221,0)) | D4: =INDEX('Employee Performance'!$C$2:$C$221,MATCH(J4,'Employee Performance'!$S$2:$S$221,0)) | E4: =INDEX('Employee Performance'!$D$2:$D$221,MATCH(J4,'Employee Performance'!$S$2:$S$221,0)) | F4: =INDEX('Employee Performance'!$F$2:$F$221,MATCH(J4,'Employee Performance'!$S$2:$S$221,0)) | G4: =INDEX('Employee Performance'!$N$2:$N$221,MATCH(J4,'Employee Performance'!$S$2:$S$221,0)) | H4: =INDEX('Employee Performance'!$O$2:$O$221,MATCH(J4,'Employee Performance'!$S$2:$S$221,0)) | I4: =INDEX('Employee Performance'!$K$2:$K$221,MATCH(J4,'Employee Performance'!$S$2:$S$221,0)) | J4: =LARGE('Employee Performance'!$S$2:$S$221,A4)
A5: 4 | B5: =INDEX('Employee Performance'!$A$2:$A$221,MATCH(J5,'Employee Performance'!$S$2:$S$221,0)) | C5: =INDEX('Employee Performance'!$B$2:$B$221,MATCH(J5,'Employee Performance'!$S$2:$S$221,0)) | D5: =INDEX('Employee Performance'!$C$2:$C$221,MATCH(J5,'Employee Performance'!$S$2:$S$221,0)) | E5: =INDEX('Employee Performance'!$D$2:$D$221,MATCH(J5,'Employee Performance'!$S$2:$S$221,0)) | F5: =INDEX('Employee Performance'!$F$2:$F$221,MATCH(J5,'Employee Performance'!$S$2:$S$221,0)) | G5: =INDEX('Employee Performance'!$N$2:$N$221,MATCH(J5,'Employee Performance'!$S$2:$S$221,0)) | H5: =INDEX('Employee Performance'!$O$2:$O$221,MATCH(J5,'Employee Performance'!$S$2:$S$221,0)) | I5: =INDEX('Employee Performance'!$K$2:$K$221,MATCH(J5,'Employee Performance'!$S$2:$S$221,0)) | J5: =LARGE('Employee Performance'!$S$2:$S$221,A5)
A6: 5 | B6: =INDEX('Employee Performance'!$A$2:$A$221,MATCH(J6,'Employee Performance'!$S$2:$S$221,0)) | C6: =INDEX('Employee Performance'!$B$2:$B$221,MATCH(J6,'Employee Performance'!$S$2:$S$221,0)) | D6: =INDEX('Employee Performance'!$C$2:$C$221,MATCH(J6,'Employee Performance'!$S$2:$S$221,0)) | E6: =INDEX('Employee Performance'!$D$2:$D$221,MATCH(J6,'Employee Performance'!$S$2:$S$221,0)) | F6: =INDEX('Employee Performance'!$F$2:$F$221,MATCH(J6,'Employee Performance'!$S$2:$S$221,0)) | G6: =INDEX('Employee Performance'!$N$2:$N$221,MATCH(J6,'Employee Performance'!$S$2:$S$221,0)) | H6: =INDEX('Employee Performance'!$O$2:$O$221,MATCH(J6,'Employee Performance'!$S$2:$S$221,0)) | I6: =INDEX('Employee Performance'!$K$2:$K$221,MATCH(J6,'Employee Performance'!$S$2:$S$221,0)) | J6: =LARGE('Employee Performance'!$S$2:$S$221,A6)
A7: 6 | B7: =INDEX('Employee Performance'!$A$2:$A$221,MATCH(J7,'Employee Performance'!$S$2:$S$221,0)) | C7: =INDEX('Employee Performance'!$B$2:$B$221,MATCH(J7,'Employee Performance'!$S$2:$S$221,0)) | D7: =INDEX('Employee Performance'!$C$2:$C$221,MATCH(J7,'Employee Performance'!$S$2:$S$221,0)) | E7: =INDEX('Employee Performance'!$D$2:$D$221,MATCH(J7,'Employee Performance'!$S$2:$S$221,0)) | F7: =INDEX('Employee Performance'!$F$2:$F$221,MATCH(J7,'Employee Performance'!$S$2:$S$221,0)) | G7: =INDEX('Employee Performance'!$N$2:$N$221,MATCH(J7,'Employee Performance'!$S$2:$S$221,0)) | H7: =INDEX('Employee Performance'!$O$2:$O$221,MATCH(J7,'Employee Performance'!$S$2:$S$221,0)) | I7: =INDEX('Employee Performance'!$K$2:$K$221,MATCH(J7,'Employee Performance'!$S$2:$S$221,0)) | J7: =LARGE('Employee Performance'!$S$2:$S$221,A7)
A8: 7 | B8: =INDEX('Employee Performance'!$A$2:$A$221,MATCH(J8,'Employee Performance'!$S$2:$S$221,0)) | C8: =INDEX('Employee Performance'!$B$2:$B$221,MATCH(J8,'Employee Performance'!$S$2:$S$221,0)) | D8: =INDEX('Employee Performance'!$C$2:$C$221,MATCH(J8,'Employee Performance'!$S$2:$S$221,0)) | E8: =INDEX('Employee Performance'!$D$2:$D$221,MATCH(J8,'Employee Performance'!$S$2:$S$221,0)) | F8: =INDEX('Employee Performance'!$F$2:$F$221,MATCH(J8,'Employee Performance'!$S$2:$S$221,0)) | G8: =INDEX('Employee Performance'!$N$2:$N$221,MATCH(J8,'Employee Performance'!$S$2:$S$221,0)) | H8: =INDEX('Employee Performance'!$O$2:$O$221,MATCH(J8,'Employee Performance'!$S$2:$S$221,0)) | I8: =INDEX('Employee Performance'!$K$2:$K$221,MATCH(J8,'Employee Performance'!$S$2:$S$221,0)) | J8: =LARGE('Employee Performance'!$S$2:$S$221,A8)
A9: 8 | B9: =INDEX('Employee Performance'!$A$2:$A$221,MATCH(J9,'Employee Performance'!$S$2:$S$221,0)) | C9: =INDEX('Employee Performance'!$B$2:$B$221,MATCH(J9,'Employee Performance'!$S$2:$S$221,0)) | D9: =INDEX('Employee Performance'!$C$2:$C$221,MATCH(J9,'Employee Performance'!$S$2:$S$221,0)) | E9: =INDEX('Employee Performance'!$D$2:$D$221,MATCH(J9,'Employee Performance'!$S$2:$S$221,0)) | F9: =INDEX('Employee Performance'!$F$2:$F$221,MATCH(J9,'Employee Performance'!$S$2:$S$221,0)) | G9: =INDEX('Employee Performance'!$N$2:$N$221,MATCH(J9,'Employee Performance'!$S$2:$S$221,0)) | H9: =INDEX('Employee Performance'!$O$2:$O$221,MATCH(J9,'Employee Performance'!$S$2:$S$221,0)) | I9: =INDEX('Employee Performance'!$K$2:$K$221,MATCH(J9,'Employee Performance'!$S$2:$S$221,0)) | J9: =LARGE('Employee Performance'!$S$2:$S$221,A9)
A10: 9 | B10: =INDEX('Employee Performance'!$A$2:$A$221,MATCH(J10,'Employee Performance'!$S$2:$S$221,0)) | C10: =INDEX('Employee Performance'!$B$2:$B$221,MATCH(J10,'Employee Performance'!$S$2:$S$221,0)) | D10: =INDEX('Employee Performance'!$C$2:$C$221,MATCH(J10,'Employee Performance'!$S$2:$S$221,0)) | E10: =INDEX('Employee Performance'!$D$2:$D$221,MATCH(J10,'Employee Performance'!$S$2:$S$221,0)) | F10: =INDEX('Employee Performance'!$F$2:$F$221,MATCH(J10,'Employee Performance'!$S$2:$S$221,0)) | G10: =INDEX('Employee Performance'!$N$2:$N$221,MATCH(J10,'Employee Performance'!$S$2:$S$221,0)) | H10: =INDEX('Employee Performance'!$O$2:$O$221,MATCH(J10,'Employee Performance'!$S$2:$S$221,0)) | I10: =INDEX('Employee Performance'!$K$2:$K$221,MATCH(J10,'Employee Performance'!$S$2:$S$221,0)) | J10: =LARGE('Employee Performance'!$S$2:$S$221,A10)
A11: 10 | B11: =INDEX('Employee Performance'!$A$2:$A$221,MATCH(J11,'Employee Performance'!$S$2:$S$221,0)) | C11: =INDEX('Employee Performance'!$B$2:$B$221,MATCH(J11,'Employee Performance'!$S$2:$S$221,0)) | D11: =INDEX('Employee Performance'!$C$2:$C$221,MATCH(J11,'Employee Performance'!$S$2:$S$221,0)) | E11: =INDEX('Employee Performance'!$D$2:$D$221,MATCH(J11,'Employee Performance'!$S$2:$S$221,0)) | F11: =INDEX('Employee Performance'!$F$2:$F$221,MATCH(J11,'Employee Performance'!$S$2:$S$221,0)) | G11: =INDEX('Employee Performance'!$N$2:$N$221,MATCH(J11,'Employee Performance'!$S$2:$S$221,0)) | H11: =INDEX('Employee Performance'!$O$2:$O$221,MATCH(J11,'Employee Performance'!$S$2:$S$221,0)) | I11: =INDEX('Employee Performance'!$K$2:$K$221,MATCH(J11,'Employee Performance'!$S$2:$S$221,0)) | J11: =LARGE('Employee Performance'!$S$2:$S$221,A11)

Sheet What-If Scenarios
A1: Scenario | B1: Assumption | C1: Input Value | D1: Purpose | E1: KPI to Review | F1: Planning Note
A2: Baseline | B2: No intervention | C2: 0 | D2: Reference case | E2: Current KPIs | F2: Reference case
A3: Scenario 1 | B3: Increase Training Hours | C3: 0.2 | D3: Increase training by 20% | E3: Avg Performance Rating | F3: Review adjusted data
A4: Scenario 2 | B4: Reduce Average Hours Worked | C4: -0.1 | D4: Reduce hours worked by 10% | E4: Avg Utilization % | F4: Consider work-life balance
A5: Scenario 3 | B5: Increase Target Achievement | C5: 0.15 | D5: Increase target achievement by 15% | E5: Avg Target Achievement % | F5: Sensitivity assumption

Sheet Instructions
A1: PROJECT GUIDE
A2: 1 | B2: Utilization % = Billable Hours / Hours Worked.
A3: 2 | B3: Target Achievement % = Targets Achieved / Targets Assigned.
A4: 3 | B4: Training groups: Low (<10), Medium (10–20), High (20+).
A5: 4 | B5: Star Performer: Rating >=4 and Utilization >=80%; Meets Expectations: Rating >=3; otherwise Needs Improvement.
A6: 5 | B6: Productivity groups: High >=90%; Medium 60–89%; Low <60% target achievement.
A7: 6 | B7: Dashboard includes 5–6 KPI cards, four slicer-style panels, charts, monthly trend, and summary tables.
A8: 7 | B8: Top 10 Star Performers lists the highest productivity scores.
A9: 8 | B9: What-If Scenarios contains the three assumptions in the project requirements.
